{"cameraMode":{"drawMode":0,"name":"Shaded","section":"Shading Mode"},"sceneLighting":false,"audioPlay":false,"sceneViewState":{"m_AlwaysRefresh":false,"showFog":true,"showSkybox":false,"showFlares":true,"showImageEffects":true,"showParticleSystems":true,"showVisualEffectGraphs":true,"m_FxEnabled":true},"in2DMode":false,"pivot":{"x":0.0040778713300824169,"y":0.02813449688255787,"z":0.04827670007944107},"rotation":{"x":0.025481535121798517,"y":0.0350915901362896,"z":-0.0008978790137916803,"w":0.9990625381469727},"size":0.0571741983294487,"orthographic":false}