{"cameraMode":{"drawMode":0,"name":"Shaded","section":"Shading Mode"},"sceneLighting":false,"audioPlay":false,"sceneViewState":{"m_AlwaysRefresh":false,"showFog":true,"showSkybox":false,"showFlares":true,"showImageEffects":true,"showParticleSystems":true,"showVisualEffectGraphs":true,"m_FxEnabled":true},"in2DMode":false,"pivot":{"x":-0.024299997836351396,"y":0.027499999850988389,"z":5.999800205230713},"rotation":{"x":0.09673798084259033,"y":-0.013436324894428254,"z":0.0013058914337307215,"w":0.9952225685119629},"size":0.02512460947036743,"orthographic":false}